{
  "config": {
    "sample": 100,
    "top_k": 3
  },
  "results": {
    "random": {
      "precision": 0.2366666666666666,
      "recall": 0.35,
      "f1": 0.2819999999999998
    },
    "semantic": {
      "precision": 0.1966666666666667,
      "recall": 0.29,
      "f1": 0.23399999999999996
    },
    "entity_only": {
      "precision": 0.38666666666666666,
      "recall": 0.575,
      "f1": 0.4619999999999994
    },
    "hybrid_30": {
      "precision": 0.3533333333333332,
      "recall": 0.525,
      "f1": 0.4219999999999994
    },
    "hybrid_50": {
      "precision": 0.3533333333333332,
      "recall": 0.525,
      "f1": 0.4219999999999994
    },
    "hybrid_70": {
      "precision": 0.3533333333333332,
      "recall": 0.525,
      "f1": 0.4219999999999994
    }
  }
}