{
  "config": {
    "sample": 200,
    "top_k": 3
  },
  "results": {
    "random": {
      "precision": 0.19166666666666657,
      "recall": 0.285,
      "f1": 0.2289999999999996
    },
    "semantic": {
      "precision": 0.2750000000000004,
      "recall": 0.41,
      "f1": 0.3289999999999995
    },
    "entity_only": {
      "precision": 0.37500000000000006,
      "recall": 0.56,
      "f1": 0.4490000000000001
    },
    "hybrid_30": {
      "precision": 0.35000000000000037,
      "recall": 0.5225,
      "f1": 0.41900000000000004
    },
    "hybrid_50": {
      "precision": 0.35000000000000037,
      "recall": 0.5225,
      "f1": 0.41900000000000004
    },
    "hybrid_70": {
      "precision": 0.33833333333333365,
      "recall": 0.505,
      "f1": 0.4049999999999999
    }
  }
}